<?xml version="1.0" encoding="UTF-8"?>
<beans xmlns="http://www.springframework.org/schema/beans"
	xmlns:xsi="http://www.w3.org/2001/XMLSchema-instance"
	xmlns:context="http://www.springframework.org/schema/context"
	xsi:schemaLocation="http://www.springframework.org/schema/beans http://www.springframework.org/schema/beans/spring-beans-4.3.xsd
		http://www.springframework.org/schema/context http://www.springframework.org/schema/context/spring-context-4.3.xsd">
<import resource="myBeans.xml"/>

<bean id="collectDemo" class="org.cap.model.CollectionDemo">


<property name="properties">
	<props>
		<prop key="jdbc.url" >jdbc://mysql://localhost:3306/capdb</prop>
		<prop key="jdbc.user">root</prop>
		<prop key="jdbc.password">admin</prop>
	</props>
</property>

<property name="map">
	<map>
		<entry key="tom" value="1234"></entry>
		<entry key="jack" value="56546"></entry>
	<!-- 	<entry key-ref="" value-ref=""></entry> -->
	</map>

</property>



<property name="fruits">
	<set>
		<value>apple</value>
		<value>pineapple</value>
		<value>apple</value>
		<value>orange</value>
		<value>orange</value>
		<value>pineapple</value>
		<value>null</value>
	</set>
</property>



	<property name="names">
		<list>
			<value>Tom</value>
			<value>Tom</value>
			<value>Jerry</value>
			<value>Tom</value>
			<value>null</value>
			<value>Jack</value>
			<value>Jack</value>
		</list>
	</property>
	
	<property name="employees">
		<list>
			<ref bean="emp"/>
			<ref bean="employee"/>
			<ref bean="emp"/>
			<ref bean="emp"/>
		</list>	
	</property>
	
</bean>

<bean id="emp" class="org.cap.model.Employee">
	<property name="employeeId" value="1234"/>
	<property name="firstName" value="Tom"/>
	<property name="lastName" value="Jery"/>
	<property name="salary" value="2300"/>
	<property name="address">
		<bean id="add"  class="org.cap.model.Address">
			<property name="doorNo" value="23" />
			<property name="streetName" value="North Avvenue"/>
			<property name="city" value="Chennai"/>
		</bean>
	</property>
</bean>


</beans>
