<?xml version="1.0" encoding="UTF-8"?>
<beans xmlns="http://www.springframework.org/schema/beans"
	xmlns:xsi="http://www.w3.org/2001/XMLSchema-instance"
	xmlns:context="http://www.springframework.org/schema/context"
	xsi:schemaLocation="http://www.springframework.org/schema/beans http://www.springframework.org/schema/beans/spring-beans-4.3.xsd
		http://www.springframework.org/schema/context http://www.springframework.org/schema/context/spring-context-4.3.xsd">

<bean id="beanPostProcess" class="org.cap.util.MyBeanPOstProcessor"/>

<bean id="employee" class="org.cap.model.Employee" autowire="constructor"
	 init-method="init"
	 destroy-method="destroyed">
<constructor-arg name="employeeId" value="1001"/>
<constructor-arg name="firstName" value="Kamal"/>
<constructor-arg name="lastName" value="singh"/>
<constructor-arg name="salary" value="233000"/>

	<!-- <property name="employeeId" value="1200"/>
	<property name="firstName" value="Tom"/>
	<property name="lastName" value="Jerry"/>
	<property name="salary" value="23000"/> -->
	<!-- <property name="address" ref="address"/> -->
</bean>


<bean id="address" class="org.cap.model.Address">
	<property name="doorNo" value="23"/>
	<property name="streetName" value="River Road"/>
	<property name="city" value="rosemont"/>
</bean> 

<bean id="myaddress" class="org.cap.model.Address">
	<property name="doorNo" value="345"/>
	<property name="streetName" value="Shafer Court"/>
	<property name="city" value="rosemont"/>
</bean> 

</beans>
